{"provider": "local-hashing(dim=512)", "provider_key": "local", "dim": 512, "n_chunks": 44, "n_files": 6, "idf": {"dirpath": 4.113515309210374, "name": 2.0340737675305385, "skip": 4.113515309210374, "not": 2.408767216971949, "search": 2.860752340715006, "size": 4.113515309210374, "walk": 3.70805020110221, "language_for": 3.1972245773362196, "filenames": 4.113515309210374, "continue": 3.4203681286504293, "_iter_source_files": 3.70805020110221, "files": 3.4203681286504293, "str": 1.0930904230660121, "config": 4.113515309210374, "source": 3.0149030205422647, "language": 2.727220948090484, "dirnames": 4.113515309210374, "prose": 4.113515309210374, "_max_bytes": 4.113515309210374, "oserror": 3.70805020110221, "_skip_dirs": 4.113515309210374, "any": 4.113515309210374, "ext": 3.70805020110221, "except": 3.0149030205422647, "yield": 4.113515309210374, "bytes": 4.113515309210374, "endswith": 3.70805020110221, "dirs": 4.113515309210374, "st_size": 4.113515309210374, "path": 1.916290731874155, "code": 2.0340737675305385, "stat": 4.113515309210374, "try": 3.0149030205422647, "binaries": 4.113515309210374, "root": 2.727220948090484, "iter": 3.4203681286504293, "_skip_ext": 4.113515309210374, "max": 3.4203681286504293, "file": 3.4203681286504293, "true": 2.860752340715006, "local": 2.09861228866811, "found": 3.70805020110221, "_default_idf": 2.727220948090484, "extend": 4.113515309210374, "root_path": 4.113515309210374, "chunk_file": 3.70805020110221, "read_text": 3.4203681286504293, "resolve": 3.4203681286504293, "list": 2.09861228866811, "build": 3.0149030205422647, "int": 1.8109302162163288, "relative": 4.113515309210374, "utf": 3.4203681286504293, "mkdir": 4.113515309210374, "raise": 2.6094379124341005, "chunks": 2.504077396776274, "dim": 1.916290731874155, "encoding": 4.113515309210374, "chunk": 2.727220948090484, "write": 4.113515309210374, "exist_ok": 4.113515309210374, "embed_text": 3.4203681286504293, "build_index": 3.70805020110221, "embed": 3.4203681286504293, "rel": 4.113515309210374, "npy": 3.4203681286504293, "unicodedecodeerror": 4.113515309210374, "isinstance": 3.1972245773362196, "default": 2.504077396776274, "exist": 4.113515309210374, "out_dir": 4.113515309210374, "relative_to": 4.113515309210374, "texts": 2.6094379124341005, "embedder": 1.715620036412004, "json": 2.860752340715006, "default_idf": 3.4203681286504293, "hashing": 2.2417131323087833, "under": 4.113515309210374, "text": 2.2417131323087833, "index_dir": 3.4203681286504293, "vectors": 2.727220948090484, "dumps": 3.1972245773362196, "indent": 4.113515309210374, "provider": 2.860752340715006, "runtimeerror": 2.6094379124341005, "n_files": 3.70805020110221, "len": 2.727220948090484, "key": 2.727220948090484, "fit": 2.727220948090484, "save": 4.113515309210374, "_idf": 2.727220948090484, "decode": 4.113515309210374, "unicode": 4.113515309210374, "dir": 3.4203681286504293, "encode": 2.2417131323087833, "read": 2.860752340715006, "write_text": 4.113515309210374, "n_chunks": 3.70805020110221, "shape": 3.4203681286504293, "to_dict": 3.4203681286504293, "meta": 3.1972245773362196, "embed_texts": 4.113515309210374, "runtime": 2.6094379124341005, "provider_key": 3.4203681286504293, "index": 2.2417131323087833, "dict": 2.727220948090484, "out": 3.70805020110221, "get_embedder": 3.1972245773362196, "localhashingembedder": 2.2417131323087833, "error": 2.408767216971949, "idf": 2.3217558399823197, "get": 2.2417131323087833, "actually": 3.4203681286504293, "vector": 3.4203681286504293, "kind": 2.504077396776274, "what": 3.70805020110221, "start": 2.504077396776274, "line": 2.504077396776274, "then": 3.4203681286504293, "symbol": 2.6094379124341005, "end": 2.504077396776274, "qualified": 4.113515309210374, "identifier": 3.4203681286504293, "end_line": 2.727220948090484, "start_line": 2.727220948090484, "block": 3.70805020110221, "replace": 3.4203681286504293, "intent": 3.70805020110221, "method": 3.70805020110221, "docstring": 3.4203681286504293, "weighted": 3.70805020110221, "symbol_words": 3.70805020110221, "asdict": 3.70805020110221, "dominates": 3.70805020110221, "words": 3.70805020110221, "repeat": 3.70805020110221, "lang": 4.113515309210374, "_lang_by_ext": 4.113515309210374, "items": 3.1972245773362196, "functiondef": 4.113515309210374, "elif": 4.113515309210374, "lines": 3.1972245773362196, "prefix": 4.113515309210374, "append": 2.860752340715006, "emit": 4.113515309210374, "iter_child_nodes": 4.113515309210374, "syntax": 4.113515309210374, "lineno": 4.113515309210374, "syntaxerror": 4.113515309210374, "classdef": 4.113515309210374, "generic": 3.4203681286504293, "ast": 3.4203681286504293, "its": 3.70805020110221, "qualname": 4.113515309210374, "tree": 4.113515309210374, "end_lineno": 4.113515309210374, "get_docstring": 4.113515309210374, "parse": 3.4203681286504293, "chunk_generic": 3.4203681286504293, "none": 2.2417131323087833, "doc": 3.4203681286504293, "extract": 4.113515309210374, "arg": 4.113515309210374, "ignore": 4.113515309210374, "asyncfunctiondef": 4.113515309210374, "type": 3.0149030205422647, "async": 4.113515309210374, "python": 3.1972245773362196, "child": 4.113515309210374, "chunk_python": 3.70805020110221, "every": 4.113515309210374, "node": 3.70805020110221, "splitlines": 3.4203681286504293, "nodes": 4.113515309210374, "getattr": 4.113515309210374, "own": 4.113515309210374, "join": 3.4203681286504293, "split": 3.70805020110221, "find": 4.113515309210374, "match": 3.70805020110221, "arrow": 4.113515309210374, "overlapping": 4.113515309210374, "step": 4.113515309210374, "tuple": 3.4203681286504293, "detected": 4.113515309210374, "rest": 4.113515309210374, "range": 4.113515309210374, "content": 3.1972245773362196, "idx": 4.113515309210374, "enumerate": 3.1972245773362196, "mapped": 4.113515309210374, "overlap": 4.113515309210374, "windows": 4.113515309210374, "interface": 4.113515309210374, "start_idx": 4.113515309210374, "chunker": 4.113515309210374, "boundaries": 4.113515309210374, "end_idx": 4.113515309210374, "still": 3.70805020110221, "min": 4.113515309210374, "heuristic": 4.113515309210374, "_decl_re": 4.113515309210374, "struct": 4.113515309210374, "declaration": 4.113515309210374, "decl": 4.113515309210374, "anonymous": 4.113515309210374, "searchable": 4.113515309210374, "numbers": 4.113515309210374, "strip": 3.70805020110221, "group": 4.113515309210374, "window": 4.113515309210374, "declarations": 4.113515309210374, "line_idx": 4.113515309210374, "hits": 2.6094379124341005, "model": 2.167605160155061, "answer": 3.0149030205422647, "hit": 2.504077396776274, "header": 4.113515309210374, "_format_context": 3.70805020110221, "blocks": 4.113515309210374, "context": 3.4203681286504293, "format": 3.70805020110221, "above": 4.113515309210374, "using": 4.113515309210374, "excerpts": 4.113515309210374, "question": 3.70805020110221, "only": 4.113515309210374, "repository": 3.70805020110221, "build_prompt": 3.70805020110221, "query": 2.408767216971949, "citing": 4.113515309210374, "prompt": 3.4203681286504293, "retrieved": 4.113515309210374, "call": 3.70805020110221, "ollama": 3.4203681286504293, "reachable": 4.113515309210374, "check": 4.113515309210374, "user": 3.70805020110221, "request": 3.4203681286504293, "chat": 4.113515309210374, "install": 4.113515309210374, "req": 3.4203681286504293, "could": 4.113515309210374, "make": 4.113515309210374, "false": 4.113515309210374, "urlerror": 4.113515309210374, "messages": 4.113515309210374, "urlopen": 3.4203681286504293, "that": 4.113515309210374, "pull": 4.113515309210374, "_call_ollama": 3.70805020110221, "headers": 3.4203681286504293, "loads": 3.0149030205422647, "payload": 3.1972245773362196, "sure": 4.113515309210374, "llm": 3.70805020110221, "exc": 3.70805020110221, "returned": 3.70805020110221, "api": 3.1972245773362196, "actual": 4.113515309210374, "exception": 4.113515309210374, "rstrip": 4.113515309210374, "resp": 3.4203681286504293, "run": 3.4203681286504293, "system": 4.113515309210374, "but": 3.70805020110221,